{
  "fase": "100k",
  "vus": 50,
  "duracion_seg": 319.9,
  "metricas": {
    "total": 72543,
    "rps": 226.73871955983714,
    "p95": 460.75592269999987,
    "p99": 614.77126656,
    "error_rate": 0.004135478268061701,
    "c500": 3,
    "c409": 0,
    "degradados": 0,
    "encolados": 0,
    "lecturas": 50785,
    "escrituras": 21757
  },
  "recursos": {
    "cpu_pico": 475.08,
    "cpu_prom": 389.50361111111107,
    "mem_pico": 551.4,
    "cola_pico": 13029,
    "muestras": 36
  },
  "k6": {
    "http_reqs": {
      "contains": "default",
      "values": {
        "count": 72543,
        "rate": 227.35015603371627
      },
      "type": "counter"
    },
    "http_req_duration": {
      "type": "trend",
      "contains": "time",
      "values": {
        "avg": 219.09947911855227,
        "min": 15.718208,
        "med": 195.062188,
        "p(90)": 385.9019728,
        "p(95)": 460.75592269999987,
        "p(99)": 614.77126656,
        "max": 4030.575544
      }
    },
    "http_req_receiving": {
      "type": "trend",
      "contains": "time",
      "values": {
        "min": 0.034203,
        "med": 5.612936,
        "p(90)": 15.661668400000005,
        "p(95)": 20.101218199999995,
        "p(99)": 32.31286008000002,
        "max": 227.329737,
        "avg": 7.390218592572611
      }
    },
    "iteration_duration": {
      "type": "trend",
      "contains": "time",
      "values": {
        "max": 4030.866972,
        "avg": 219.6390070197945,
        "min": 16.162026,
        "med": 195.606041,
        "p(90)": 386.45033010000003,
        "p(95)": 461.3389626499999,
        "p(99)": 615.2552612999997
      }
    },
    "http_req_sending": {
      "contains": "time",
      "values": {
        "max": 15.742785,
        "avg": 0.05502062607005881,
        "min": 0.0068,
        "med": 0.039604,
        "p(90)": 0.072306,
        "p(95)": 0.0925069,
        "p(99)": 0.2916739200000002
      },
      "type": "trend"
    },
    "vus": {
      "contains": "default",
      "values": {
        "value": 50,
        "min": 50,
        "max": 50
      },
      "type": "gauge"
    },
    "data_sent": {
      "values": {
        "count": 28912516,
        "rate": 90611.98218887167
      },
      "type": "counter",
      "contains": "data"
    },
    "http_req_connecting": {
      "type": "trend",
      "contains": "time",
      "values": {
        "p(90)": 0,
        "p(95)": 0,
        "p(99)": 0,
        "max": 2.570305,
        "avg": 0.0006869848779344664,
        "min": 0,
        "med": 0
      }
    },
    "http_req_tls_handshaking": {
      "type": "trend",
      "contains": "time",
      "values": {
        "max": 0,
        "avg": 0,
        "min": 0,
        "med": 0,
        "p(90)": 0,
        "p(95)": 0,
        "p(99)": 0
      }
    },
    "op_lecturas": {
      "type": "counter",
      "contains": "default",
      "values": {
        "count": 50785,
        "rate": 159.16046585021684
      }
    },
    "latencia_lectura_ms": {
      "values": {
        "min": 15.718208,
        "med": 200.115663,
        "p(90)": 414.1786268,
        "p(95)": 489.9726878,
        "p(99)": 641.9820471199992,
        "max": 4030.575544,
        "avg": 228.88250589646574
      },
      "type": "trend",
      "contains": "default"
    },
    "errores_reales": {
      "type": "counter",
      "contains": "default",
      "values": {
        "count": 3,
        "rate": 0.009402016295178705
      },
      "thresholds": {
        "count==0": {
          "ok": false
        }
      }
    },
    "http_500": {
      "contains": "default",
      "values": {
        "rate": 0.009402016295178705,
        "count": 3
      },
      "thresholds": {
        "count==0": {
          "ok": false
        }
      },
      "type": "counter"
    },
    "http_req_blocked": {
      "type": "trend",
      "contains": "time",
      "values": {
        "avg": 0.012907333512537407,
        "min": 0.0015,
        "med": 0.0091,
        "p(90)": 0.014202,
        "p(95)": 0.018501,
        "p(99)": 0.05356300000000017,
        "max": 8.548958
      }
    },
    "data_received": {
      "contains": "data",
      "values": {
        "count": 1130141280,
        "rate": 3541868.91013804
      },
      "type": "counter"
    },
    "http_req_duration{expected_response:true}": {
      "type": "trend",
      "contains": "time",
      "values": {
        "min": 15.718208,
        "med": 195.056793,
        "p(90)": 385.8655959999999,
        "p(95)": 460.68731395000003,
        "p(99)": 614.77163202,
        "max": 4030.575544,
        "avg": 219.08680323161207
      }
    },
    "http_req_failed": {
      "type": "rate",
      "contains": "default",
      "values": {
        "fails": 72540,
        "rate": 4.135478268061701e-05,
        "passes": 3
      }
    },
    "http_req_waiting": {
      "type": "trend",
      "contains": "time",
      "values": {
        "med": 187.21467,
        "p(90)": 375.81135820000003,
        "p(95)": 450.5360713999999,
        "p(99)": 603.0488931000001,
        "max": 3998.792108,
        "avg": 211.654239899908,
        "min": 15.147521
      }
    },
    "latencia_escritura_ms": {
      "type": "trend",
      "contains": "default",
      "values": {
        "p(99)": 472.17660243999916,
        "max": 1098.899917,
        "avg": 196.26405008502954,
        "min": 15.888851,
        "med": 185.567236,
        "p(90)": 315.2364982000003,
        "p(95)": 363.0130836
      }
    },
    "op_escrituras": {
      "type": "counter",
      "contains": "default",
      "values": {
        "count": 21757,
        "rate": 68.18655617806769
      }
    },
    "checks": {
      "type": "rate",
      "contains": "default",
      "values": {
        "rate": 0.9999586446472388,
        "passes": 72539,
        "fails": 3
      }
    },
    "iterations": {
      "type": "counter",
      "contains": "default",
      "values": {
        "count": 72542,
        "rate": 227.34702202828453
      }
    },
    "vus_max": {
      "contains": "default",
      "values": {
        "value": 50,
        "min": 50,
        "max": 50
      },
      "type": "gauge"
    }
  }
}