{
  "fase": "100k",
  "vus": 200,
  "duracion_seg": 505.3,
  "metricas": {
    "total": 100001,
    "rps": 197.8879886983712,
    "p95": 2386.054034,
    "p99": 3388.123354,
    "error_rate": 0.0,
    "c500": 0,
    "c409": 0,
    "degradados": 3207,
    "encolados": 5,
    "lecturas": 69695,
    "escrituras": 30305
  },
  "recursos": {
    "cpu_pico": 520.07,
    "cpu_prom": 433.64882352941174,
    "mem_pico": 597.2,
    "cola_pico": 21960,
    "muestras": 51
  },
  "k6": {
    "op_escrituras": {
      "type": "counter",
      "contains": "default",
      "values": {
        "count": 30305,
        "rate": 60.078421452764594
      }
    },
    "checks": {
      "values": {
        "rate": 1,
        "passes": 100000,
        "fails": 0
      },
      "type": "rate",
      "contains": "default"
    },
    "iteration_duration": {
      "contains": "time",
      "values": {
        "avg": 1007.4959155397032,
        "min": 7.977958,
        "med": 878.9015275,
        "p(90)": 1974.7892541000003,
        "p(95)": 2386.8589724999997,
        "p(99)": 3390.0127845199972,
        "max": 11420.206766
      },
      "type": "trend"
    },
    "http_202": {
      "type": "counter",
      "contains": "default",
      "values": {
        "count": 5,
        "rate": 0.009912295240515524
      }
    },
    "iterations": {
      "contains": "default",
      "values": {
        "count": 100000,
        "rate": 198.2459048103105
      },
      "type": "counter"
    },
    "http_req_duration": {
      "type": "trend",
      "contains": "time",
      "values": {
        "min": 7.508743,
        "med": 878.109359,
        "p(90)": 1973.571902,
        "p(95)": 2386.054034,
        "p(99)": 3388.123354,
        "max": 11409.76026,
        "avg": 1006.6640611676354
      }
    },
    "http_req_duration{expected_response:true}": {
      "values": {
        "max": 10857.533249,
        "avg": 1017.5095186714225,
        "min": 19.80515,
        "med": 895.031571,
        "p(90)": 1981.4325536999997,
        "p(95)": 2384.2681014,
        "p(99)": 3340.6325680899927
      },
      "type": "trend",
      "contains": "time"
    },
    "latencia_escritura_ms": {
      "contains": "default",
      "values": {
        "p(90)": 1956.6992220000004,
        "p(95)": 2376.0111863999996,
        "p(99)": 3370.6682361199987,
        "max": 7541.022473,
        "avg": 973.3923609544931,
        "min": 24.319039,
        "med": 843.931312
      },
      "type": "trend"
    },
    "http_req_failed": {
      "type": "rate",
      "contains": "default",
      "values": {
        "passes": 3207,
        "fails": 96794,
        "rate": 0.03206967930320697
      }
    },
    "vus": {
      "type": "gauge",
      "contains": "default",
      "values": {
        "min": 109,
        "max": 200,
        "value": 109
      }
    },
    "http_req_sending": {
      "type": "trend",
      "contains": "time",
      "values": {
        "avg": 0.06860661077389192,
        "min": 0.0066,
        "med": 0.043216,
        "p(90)": 0.083313,
        "p(95)": 0.118216,
        "p(99)": 0.494875,
        "max": 34.929016
      }
    },
    "http_req_waiting": {
      "type": "trend",
      "contains": "time",
      "values": {
        "min": 7.248035,
        "med": 841.470055,
        "p(90)": 1912.4595,
        "p(95)": 2321.148698,
        "p(99)": 3336.90158,
        "max": 11373.286518,
        "avg": 971.696481883492
      }
    },
    "http_req_receiving": {
      "type": "trend",
      "contains": "time",
      "values": {
        "avg": 34.898972673383554,
        "min": -1.898394,
        "med": 27.134373,
        "p(90)": 75.330489,
        "p(95)": 95.740477,
        "p(99)": 145.699094,
        "max": 608.955806
      }
    },
    "http_reqs": {
      "type": "counter",
      "contains": "default",
      "values": {
        "count": 100001,
        "rate": 198.24788726935859
      }
    },
    "data_received": {
      "type": "counter",
      "contains": "data",
      "values": {
        "rate": 2837296.7020330536,
        "count": 1431200662
      }
    },
    "http_503_504_429": {
      "type": "counter",
      "contains": "default",
      "values": {
        "count": 3207,
        "rate": 6.357746167266657
      }
    },
    "errores_reales": {
      "type": "counter",
      "contains": "default",
      "values": {
        "count": 0,
        "rate": 0
      },
      "thresholds": {
        "count==0": {
          "ok": true
        }
      }
    },
    "http_req_tls_handshaking": {
      "contains": "time",
      "values": {
        "avg": 0,
        "min": 0,
        "med": 0,
        "p(90)": 0,
        "p(95)": 0,
        "p(99)": 0,
        "max": 0
      },
      "type": "trend"
    },
    "op_lecturas": {
      "type": "counter",
      "contains": "default",
      "values": {
        "count": 69695,
        "rate": 138.16748335754588
      }
    },
    "http_500": {
      "values": {
        "count": 0,
        "rate": 0
      },
      "thresholds": {
        "count==0": {
          "ok": true
        }
      },
      "type": "counter",
      "contains": "default"
    },
    "data_sent": {
      "type": "counter",
      "contains": "data",
      "values": {
        "count": 39898495,
        "rate": 79097.13241844649
      }
    },
    "http_req_connecting": {
      "type": "trend",
      "contains": "time",
      "values": {
        "min": 0,
        "med": 0,
        "p(90)": 0,
        "p(95)": 0,
        "p(99)": 0,
        "max": 44.725281,
        "avg": 0.00868946293537064
      }
    },
    "latencia_lectura_ms": {
      "type": "trend",
      "contains": "default",
      "values": {
        "p(95)": 2389.8087109000003,
        "p(99)": 3391.191142019993,
        "max": 11409.76026,
        "avg": 1021.1426542616653,
        "min": 7.508743,
        "med": 893.886871,
        "p(90)": 1979.1063658
      }
    },
    "vus_max": {
      "type": "gauge",
      "contains": "default",
      "values": {
        "value": 200,
        "min": 200,
        "max": 200
      }
    },
    "http_req_blocked": {
      "type": "trend",
      "contains": "time",
      "values": {
        "med": 0.010305,
        "p(90)": 0.017302,
        "p(95)": 0.025604,
        "p(99)": 0.104607,
        "max": 44.77889,
        "avg": 0.024327963470362944,
        "min": 0.0016
      }
    }
  }
}