{
  "fase": "500k",
  "vus": 200,
  "duracion_seg": 2689.3,
  "metricas": {
    "total": 618823,
    "rps": 230.109848224122,
    "p95": 1929.2166893000003,
    "p99": 2667.4890368000033,
    "error_rate": 0.0,
    "c500": 0,
    "c409": 0,
    "degradados": 92612,
    "encolados": 79450,
    "lecturas": 349988,
    "escrituras": 268834
  },
  "recursos": {
    "cpu_pico": 625.69,
    "cpu_prom": 437.5636395759717,
    "mem_pico": 696.7,
    "cola_pico": 96964,
    "muestras": 283
  },
  "k6": {
    "http_req_blocked": {
      "type": "trend",
      "contains": "time",
      "values": {
        "p(90)": 0.015201,
        "p(95)": 0.022702,
        "p(99)": 0.061605,
        "max": 63.937133,
        "avg": 0.01489574943400492,
        "min": 0.0015,
        "med": 0.0096
      }
    },
    "data_sent": {
      "type": "counter",
      "contains": "data",
      "values": {
        "count": 271189973,
        "rate": 100897.92026912117
      }
    },
    "http_req_duration": {
      "type": "trend",
      "contains": "time",
      "values": {
        "p(95)": 1929.2166893000003,
        "p(99)": 2667.4890368000033,
        "max": 10496.262835,
        "avg": 867.6954324470724,
        "min": 3.649998,
        "med": 721.052593,
        "p(90)": 1621.5709084
      }
    },
    "http_req_connecting": {
      "type": "trend",
      "contains": "time",
      "values": {
        "max": 63.880429,
        "avg": 0.0015885828290157279,
        "min": 0,
        "med": 0,
        "p(90)": 0,
        "p(95)": 0,
        "p(99)": 0
      }
    },
    "http_req_duration{expected_response:true}": {
      "type": "trend",
      "contains": "time",
      "values": {
        "max": 8175.020338,
        "avg": 933.1157319217547,
        "min": 9.236056,
        "med": 783.554554,
        "p(90)": 1695.788879,
        "p(95)": 1995.257859,
        "p(99)": 2723.0378278
      }
    },
    "op_escrituras": {
      "type": "counter",
      "contains": "default",
      "values": {
        "count": 268834,
        "rate": 100.02136582545742
      }
    },
    "vus": {
      "type": "gauge",
      "contains": "default",
      "values": {
        "value": 81,
        "min": 81,
        "max": 200
      }
    },
    "data_received": {
      "contains": "data",
      "values": {
        "count": 9035019203,
        "rate": 3361535.2259881403
      },
      "type": "counter"
    },
    "http_503_504_429": {
      "type": "counter",
      "contains": "default",
      "values": {
        "count": 92612,
        "rate": 34.45687201703379
      }
    },
    "vus_max": {
      "type": "gauge",
      "contains": "default",
      "values": {
        "value": 200,
        "min": 200,
        "max": 200
      }
    },
    "http_req_failed": {
      "contains": "default",
      "values": {
        "passes": 92612,
        "fails": 526211,
        "rate": 0.14965830293961277
      },
      "type": "rate"
    },
    "iterations": {
      "type": "counter",
      "contains": "default",
      "values": {
        "count": 500000,
        "rate": 186.02811739857574
      }
    },
    "errores_reales": {
      "values": {
        "count": 0,
        "rate": 0
      },
      "thresholds": {
        "count==0": {
          "ok": true
        }
      },
      "type": "counter",
      "contains": "default"
    },
    "http_req_tls_handshaking": {
      "type": "trend",
      "contains": "time",
      "values": {
        "avg": 0,
        "min": 0,
        "med": 0,
        "p(90)": 0,
        "p(95)": 0,
        "p(99)": 0,
        "max": 0
      }
    },
    "http_req_sending": {
      "type": "trend",
      "contains": "time",
      "values": {
        "avg": 0.0571672331862203,
        "min": -2.414638,
        "med": 0.041803,
        "p(90)": 0.076506,
        "p(95)": 0.100208,
        "p(99)": 0.32842356000000006,
        "max": 63.045374
      }
    },
    "http_req_waiting": {
      "contains": "time",
      "values": {
        "avg": 830.8855309093872,
        "min": 3.459583,
        "med": 686.824757,
        "p(90)": 1559.1611158000003,
        "p(95)": 1861.1721757000005,
        "p(99)": 2596.3806453200013,
        "max": 10409.639804
      },
      "type": "trend"
    },
    "op_lecturas": {
      "contains": "default",
      "values": {
        "count": 349988,
        "rate": 130.21521750418546
      },
      "type": "counter"
    },
    "http_500": {
      "values": {
        "count": 0,
        "rate": 0
      },
      "thresholds": {
        "count==0": {
          "ok": true
        }
      },
      "type": "counter",
      "contains": "default"
    },
    "http_reqs": {
      "type": "counter",
      "contains": "default",
      "values": {
        "count": 618823,
        "rate": 230.23695538587765
      }
    },
    "checks": {
      "type": "rate",
      "contains": "default",
      "values": {
        "rate": 1,
        "passes": 618822,
        "fails": 0
      }
    },
    "http_req_receiving": {
      "type": "trend",
      "contains": "time",
      "values": {
        "avg": 36.75273430448948,
        "min": 0.027602,
        "med": 28.292672,
        "p(90)": 75.612047,
        "p(95)": 96.55137950000001,
        "p(99)": 148.70157200000006,
        "max": 791.37972
      }
    },
    "http_202": {
      "type": "counter",
      "contains": "default",
      "values": {
        "rate": 29.559867854633683,
        "count": 79450
      }
    },
    "latencia_lectura_ms": {
      "type": "trend",
      "contains": "default",
      "values": {
        "avg": 834.644571858937,
        "min": 3.649998,
        "med": 706.2613735,
        "p(90)": 1525.9895915999998,
        "p(95)": 1807.1383554,
        "p(99)": 2485.6841492800004,
        "max": 10496.262835
      }
    },
    "iteration_duration": {
      "contains": "time",
      "values": {
        "med": 750.531885,
        "p(90)": 1893.869641700001,
        "p(95)": 2749.925816399999,
        "p(99)": 7558.554574530001,
        "max": 16289.4715,
        "avg": 1074.683351148863,
        "min": 3.877717
      },
      "type": "trend"
    },
    "latencia_escritura_ms": {
      "type": "trend",
      "contains": "default",
      "values": {
        "min": 9.236056,
        "med": 740.8976665,
        "p(90)": 1745.3330224000001,
        "p(95)": 2064.425388949999,
        "p(99)": 2830.5295879099976,
        "max": 6737.97161,
        "avg": 910.7258608223069
      }
    }
  }
}