{
  "fase": "humo",
  "vus": 20,
  "duracion_seg": 12.7,
  "metricas": {
    "total": 2001,
    "rps": 157.88926497552646,
    "p95": 293.016024,
    "p99": 401.120947,
    "error_rate": 0.0,
    "c500": 0,
    "c409": 0,
    "degradados": 0,
    "encolados": 0,
    "lecturas": 1373,
    "escrituras": 627
  },
  "recursos": {
    "cpu_pico": 355.82,
    "cpu_prom": 342.635,
    "mem_pico": 520.7,
    "cola_pico": 19,
    "muestras": 2
  },
  "k6": {
    "latencia_lectura_ms": {
      "type": "trend",
      "contains": "default",
      "values": {
        "avg": 117.76829886962845,
        "min": 21.043108,
        "med": 79.57925,
        "p(90)": 260.40273939999986,
        "p(95)": 305.08450759999994,
        "p(99)": 434.36934455999994,
        "max": 584.969782
      }
    },
    "latencia_escritura_ms": {
      "type": "trend",
      "contains": "default",
      "values": {
        "max": 373.618737,
        "avg": 100.23108918022324,
        "min": 18.852973,
        "med": 75.433992,
        "p(90)": 212.76025299999998,
        "p(95)": 260.1159779999997,
        "p(99)": 334.25821282000004
      }
    },
    "vus": {
      "contains": "default",
      "values": {
        "value": 20,
        "min": 20,
        "max": 20
      },
      "type": "gauge"
    },
    "op_lecturas": {
      "type": "counter",
      "contains": "default",
      "values": {
        "count": 1373,
        "rate": 118.24914184037712
      }
    },
    "errores_reales": {
      "type": "counter",
      "contains": "default",
      "values": {
        "count": 0,
        "rate": 0
      },
      "thresholds": {
        "count==0": {
          "ok": true
        }
      }
    },
    "iteration_duration": {
      "type": "trend",
      "contains": "time",
      "values": {
        "p(95)": 293.57181860000003,
        "p(99)": 401.89544957999993,
        "max": 585.506815,
        "avg": 112.87194928700019,
        "min": 19.235496,
        "med": 78.22761550000001,
        "p(90)": 246.55117990000002
      }
    },
    "data_received": {
      "type": "counter",
      "contains": "data",
      "values": {
        "count": 30447792,
        "rate": 2622305.3714015293
      }
    },
    "iterations": {
      "type": "counter",
      "contains": "default",
      "values": {
        "count": 2000,
        "rate": 172.24929619865566
      }
    },
    "op_escrituras": {
      "type": "counter",
      "contains": "default",
      "values": {
        "rate": 54.00015435827855,
        "count": 627
      }
    },
    "vus_max": {
      "type": "gauge",
      "contains": "default",
      "values": {
        "value": 20,
        "min": 20,
        "max": 20
      }
    },
    "http_req_receiving": {
      "type": "trend",
      "contains": "time",
      "values": {
        "avg": 2.993538184407797,
        "min": 0.053703,
        "med": 0.742541,
        "p(90)": 8.956857,
        "p(95)": 12.482388,
        "p(99)": 18.706563,
        "max": 48.091091
      }
    },
    "http_req_duration{expected_response:true}": {
      "type": "trend",
      "contains": "time",
      "values": {
        "p(95)": 293.016024,
        "p(99)": 401.120947,
        "max": 584.969782,
        "avg": 112.32945426836578,
        "min": 18.852973,
        "med": 77.714134,
        "p(90)": 246.068069
      }
    },
    "http_req_sending": {
      "values": {
        "p(90)": 0.083305,
        "p(95)": 0.105906,
        "p(99)": 0.336521,
        "max": 5.155421,
        "avg": 0.06254210844577697,
        "min": 0.009301,
        "med": 0.046403
      },
      "type": "trend",
      "contains": "time"
    },
    "http_req_connecting": {
      "type": "trend",
      "contains": "time",
      "values": {
        "med": 0,
        "p(90)": 0,
        "p(95)": 0,
        "p(99)": 0.168711,
        "max": 3.842839,
        "avg": 0.006399537231384308,
        "min": 0
      }
    },
    "http_req_waiting": {
      "type": "trend",
      "contains": "time",
      "values": {
        "p(95)": 286.366811,
        "p(99)": 392.130888,
        "max": 576.390448,
        "avg": 109.27337397551221,
        "min": 18.580856,
        "med": 75.851817,
        "p(90)": 238.852256
      }
    },
    "http_req_failed": {
      "values": {
        "rate": 0,
        "passes": 0,
        "fails": 2001
      },
      "type": "rate",
      "contains": "default"
    },
    "http_req_tls_handshaking": {
      "type": "trend",
      "contains": "time",
      "values": {
        "max": 0,
        "avg": 0,
        "min": 0,
        "med": 0,
        "p(90)": 0,
        "p(95)": 0,
        "p(99)": 0
      }
    },
    "http_req_blocked": {
      "values": {
        "min": 0.0022,
        "med": 0.010601,
        "p(90)": 0.016501,
        "p(95)": 0.023902,
        "p(99)": 0.283818,
        "max": 4.043752,
        "avg": 0.02136099850074965
      },
      "type": "trend",
      "contains": "time"
    },
    "data_sent": {
      "contains": "data",
      "values": {
        "count": 796870,
        "rate": 68630.14833091137
      },
      "type": "counter"
    },
    "http_500": {
      "contains": "default",
      "values": {
        "count": 0,
        "rate": 0
      },
      "thresholds": {
        "count==0": {
          "ok": true
        }
      },
      "type": "counter"
    },
    "http_reqs": {
      "type": "counter",
      "contains": "default",
      "values": {
        "count": 2001,
        "rate": 172.335420846755
      }
    },
    "http_req_duration": {
      "type": "trend",
      "contains": "time",
      "values": {
        "avg": 112.32945426836578,
        "min": 18.852973,
        "med": 77.714134,
        "p(90)": 246.068069,
        "p(95)": 293.016024,
        "p(99)": 401.120947,
        "max": 584.969782
      }
    },
    "checks": {
      "contains": "default",
      "values": {
        "passes": 2000,
        "fails": 0,
        "rate": 1
      },
      "type": "rate"
    }
  }
}