{
  "fase": "humo",
  "vus": 20,
  "duracion_seg": 11.0,
  "metricas": {
    "total": 2001,
    "rps": 181.47426043361273,
    "p95": 304.296597,
    "p99": 394.429984,
    "error_rate": 0.0,
    "c500": 0,
    "c409": 0,
    "degradados": 0,
    "encolados": 0,
    "lecturas": 1386,
    "escrituras": 614
  },
  "recursos": {
    "cpu_pico": 299.33,
    "cpu_prom": 280.835,
    "mem_pico": 518.3,
    "cola_pico": 119,
    "muestras": 2
  },
  "k6": {
    "http_req_sending": {
      "type": "trend",
      "contains": "time",
      "values": {
        "avg": 0.053326474762618745,
        "min": 0.007901,
        "med": 0.042702,
        "p(90)": 0.073303,
        "p(95)": 0.094004,
        "p(99)": 0.271512,
        "max": 1.592873
      }
    },
    "http_req_receiving": {
      "type": "trend",
      "contains": "time",
      "values": {
        "p(90)": 4.753616,
        "p(95)": 6.744117,
        "p(99)": 11.894939,
        "max": 30.332229,
        "avg": 1.7871917756121933,
        "min": 0.046402,
        "med": 0.806337
      }
    },
    "http_req_blocked": {
      "values": {
        "max": 4.024782,
        "avg": 0.021067954522738654,
        "min": 0.002,
        "med": 0.009001,
        "p(90)": 0.014501,
        "p(95)": 0.019601,
        "p(99)": 0.230811
      },
      "type": "trend",
      "contains": "time"
    },
    "http_req_failed": {
      "type": "rate",
      "contains": "default",
      "values": {
        "passes": 0,
        "fails": 2001,
        "rate": 0
      }
    },
    "latencia_lectura_ms": {
      "values": {
        "p(99)": 403.3352570000001,
        "max": 592.058344,
        "avg": 107.84068656782095,
        "min": 12.644573,
        "med": 60.9390135,
        "p(90)": 280.0406475,
        "p(95)": 329.00991750000003
      },
      "type": "trend",
      "contains": "default"
    },
    "iteration_duration": {
      "type": "trend",
      "contains": "time",
      "values": {
        "p(95)": 304.70401525,
        "p(99)": 394.78799721,
        "max": 592.464062,
        "avg": 96.86024552200006,
        "min": 12.889784,
        "med": 66.01064249999999,
        "p(90)": 246.75438820000008
      }
    },
    "http_req_duration{expected_response:true}": {
      "type": "trend",
      "contains": "time",
      "values": {
        "p(99)": 394.429984,
        "max": 592.058344,
        "avg": 96.44348217391293,
        "min": 12.644573,
        "med": 65.610475,
        "p(90)": 245.638338,
        "p(95)": 304.296597
      }
    },
    "vus_max": {
      "contains": "default",
      "values": {
        "value": 20,
        "min": 20,
        "max": 20
      },
      "type": "gauge"
    },
    "http_req_connecting": {
      "contains": "time",
      "values": {
        "avg": 0.007030753623188404,
        "min": 0,
        "med": 0,
        "p(90)": 0,
        "p(95)": 0,
        "p(99)": 0.107305,
        "max": 3.842075
      },
      "type": "trend"
    },
    "data_sent": {
      "values": {
        "count": 794807,
        "rate": 79575.61932658464
      },
      "type": "counter",
      "contains": "data"
    },
    "iterations": {
      "type": "counter",
      "contains": "default",
      "values": {
        "count": 2000,
        "rate": 200.23884874336696
      }
    },
    "http_req_tls_handshaking": {
      "type": "trend",
      "contains": "time",
      "values": {
        "p(95)": 0,
        "p(99)": 0,
        "max": 0,
        "avg": 0,
        "min": 0,
        "med": 0,
        "p(90)": 0
      }
    },
    "latencia_escritura_ms": {
      "type": "trend",
      "contains": "default",
      "values": {
        "med": 70.423793,
        "p(90)": 109.1228128,
        "p(95)": 125.13131670000003,
        "p(99)": 165.26908608,
        "max": 211.836504,
        "avg": 70.50545271824109,
        "min": 14.833372
      }
    },
    "http_500": {
      "type": "counter",
      "contains": "default",
      "values": {
        "count": 0,
        "rate": 0
      },
      "thresholds": {
        "count==0": {
          "ok": true
        }
      }
    },
    "http_req_duration": {
      "type": "trend",
      "contains": "time",
      "values": {
        "med": 65.610475,
        "p(90)": 245.638338,
        "p(95)": 304.296597,
        "p(99)": 394.429984,
        "max": 592.058344,
        "avg": 96.44348217391293,
        "min": 12.644573
      }
    },
    "http_req_waiting": {
      "type": "trend",
      "contains": "time",
      "values": {
        "avg": 94.60296392353835,
        "min": 12.441764,
        "med": 63.861008,
        "p(90)": 244.16867,
        "p(95)": 303.493397,
        "p(99)": 389.615765,
        "max": 587.143521
      }
    },
    "op_escrituras": {
      "type": "counter",
      "contains": "default",
      "values": {
        "rate": 61.47332656421366,
        "count": 614
      }
    },
    "vus": {
      "type": "gauge",
      "contains": "default",
      "values": {
        "value": 20,
        "min": 20,
        "max": 20
      }
    },
    "data_received": {
      "contains": "data",
      "values": {
        "count": 31251309,
        "rate": 3128863.067941611
      },
      "type": "counter"
    },
    "op_lecturas": {
      "type": "counter",
      "contains": "default",
      "values": {
        "count": 1386,
        "rate": 138.76552217915332
      }
    },
    "checks": {
      "type": "rate",
      "contains": "default",
      "values": {
        "rate": 1,
        "passes": 2000,
        "fails": 0
      }
    },
    "http_reqs": {
      "type": "counter",
      "contains": "default",
      "values": {
        "count": 2001,
        "rate": 200.33896816773864
      }
    },
    "errores_reales": {
      "type": "counter",
      "contains": "default",
      "values": {
        "count": 0,
        "rate": 0
      },
      "thresholds": {
        "count==0": {
          "ok": true
        }
      }
    }
  }
}