{
  "fase": "humo",
  "vus": 20,
  "duracion_seg": 22.2,
  "metricas": {
    "total": 2773,
    "rps": 125.07516575436163,
    "p95": 325.11379680000005,
    "p99": 492.76338632000073,
    "error_rate": 0.0,
    "c500": 0,
    "c409": 0,
    "degradados": 236,
    "encolados": 193,
    "lecturas": 1427,
    "escrituras": 1345
  },
  "recursos": {
    "cpu_pico": 424.75,
    "cpu_prom": 346.6166666666666,
    "mem_pico": 571.8,
    "cola_pico": 90,
    "muestras": 3
  },
  "k6": {
    "http_req_blocked": {
      "values": {
        "p(95)": 0.027879600000000018,
        "p(99)": 0.39468544000000044,
        "max": 1.808228,
        "avg": 0.023610501262170944,
        "min": 0.0023,
        "med": 0.011201,
        "p(90)": 0.018681200000000016
      },
      "type": "trend",
      "contains": "time"
    },
    "http_req_connecting": {
      "type": "trend",
      "contains": "time",
      "values": {
        "p(90)": 0,
        "p(95)": 0,
        "p(99)": 0,
        "max": 1.527608,
        "avg": 0.007661631446087269,
        "min": 0,
        "med": 0
      }
    },
    "checks": {
      "type": "rate",
      "contains": "default",
      "values": {
        "rate": 1,
        "passes": 2772,
        "fails": 0
      }
    },
    "http_req_duration": {
      "contains": "time",
      "values": {
        "p(95)": 325.11379680000005,
        "p(99)": 492.76338632000073,
        "max": 1111.818867,
        "avg": 148.57594884060578,
        "min": 6.358144,
        "med": 128.93248,
        "p(90)": 271.83611640000004
      },
      "type": "trend"
    },
    "http_req_sending": {
      "type": "trend",
      "contains": "time",
      "values": {
        "med": 0.049303,
        "p(90)": 0.0980044,
        "p(95)": 0.13885920000000004,
        "p(99)": 0.6437002000000113,
        "max": 8.819972,
        "avg": 0.0781450447169132,
        "min": 0.0093
      }
    },
    "http_503_504_429": {
      "type": "counter",
      "contains": "default",
      "values": {
        "count": 236,
        "rate": 11.150457854059784
      }
    },
    "http_202": {
      "type": "counter",
      "contains": "default",
      "values": {
        "count": 193,
        "rate": 9.118806634887875
      }
    },
    "http_req_receiving": {
      "type": "trend",
      "contains": "time",
      "values": {
        "max": 122.630314,
        "avg": 4.483091896862606,
        "min": 0.038903,
        "med": 1.961706,
        "p(90)": 10.331006400000005,
        "p(95)": 17.219435000000004,
        "p(99)": 37.42113984000005
      }
    },
    "http_req_waiting": {
      "contains": "time",
      "values": {
        "max": 1111.256927,
        "avg": 144.01471189902622,
        "min": 6.255638,
        "med": 124.382637,
        "p(90)": 261.8693064000001,
        "p(95)": 316.1151564,
        "p(99)": 487.0436220000005
      },
      "type": "trend"
    },
    "op_lecturas": {
      "contains": "default",
      "values": {
        "count": 1427,
        "rate": 67.42247185484455
      },
      "type": "counter"
    },
    "iterations": {
      "type": "counter",
      "contains": "default",
      "values": {
        "rate": 94.49540554287952,
        "count": 2000
      }
    },
    "http_req_failed": {
      "type": "rate",
      "contains": "default",
      "values": {
        "passes": 236,
        "fails": 2537,
        "rate": 0.0851063829787234
      }
    },
    "iteration_duration": {
      "values": {
        "p(90)": 410.9464796000003,
        "p(95)": 766.3547459499998,
        "p(99)": 1223.53594648,
        "max": 1935.144522,
        "avg": 206.9538270904996,
        "min": 6.584056,
        "med": 140.741893
      },
      "type": "trend",
      "contains": "time"
    },
    "data_sent": {
      "type": "counter",
      "contains": "data",
      "values": {
        "count": 1251204,
        "rate": 59116.51469843651
      }
    },
    "http_500": {
      "type": "counter",
      "contains": "default",
      "values": {
        "count": 0,
        "rate": 0
      },
      "thresholds": {
        "count==0": {
          "ok": true
        }
      }
    },
    "vus": {
      "contains": "default",
      "values": {
        "value": 4,
        "min": 4,
        "max": 20
      },
      "type": "gauge"
    },
    "errores_reales": {
      "type": "counter",
      "contains": "default",
      "values": {
        "rate": 0,
        "count": 0
      },
      "thresholds": {
        "count==0": {
          "ok": true
        }
      }
    },
    "latencia_lectura_ms": {
      "values": {
        "p(95)": 318.99033790000004,
        "p(99)": 438.78886836000004,
        "max": 636.707925,
        "avg": 145.30538279537495,
        "min": 6.358144,
        "med": 130.949798,
        "p(90)": 273.29408120000005
      },
      "type": "trend",
      "contains": "default"
    },
    "data_received": {
      "type": "counter",
      "contains": "data",
      "values": {
        "count": 39767483,
        "rate": 1878922.2167522837
      }
    },
    "latencia_escritura_ms": {
      "values": {
        "med": 126.331625,
        "p(90)": 268.30729380000014,
        "p(95)": 329.3078322,
        "p(99)": 562.8607839999994,
        "max": 1111.818867,
        "avg": 151.98436484535304,
        "min": 17.132326
      },
      "type": "trend",
      "contains": "default"
    },
    "http_reqs": {
      "type": "counter",
      "contains": "default",
      "values": {
        "count": 2773,
        "rate": 131.01787978520247
      }
    },
    "http_req_duration{expected_response:true}": {
      "type": "trend",
      "contains": "time",
      "values": {
        "p(90)": 278.7141156,
        "p(95)": 331.4740541999997,
        "p(99)": 503.1174540799989,
        "max": 1111.818867,
        "avg": 157.0725358178952,
        "min": 17.132326,
        "med": 138.491288
      }
    },
    "http_req_tls_handshaking": {
      "type": "trend",
      "contains": "time",
      "values": {
        "avg": 0,
        "min": 0,
        "med": 0,
        "p(90)": 0,
        "p(95)": 0,
        "p(99)": 0,
        "max": 0
      }
    },
    "op_escrituras": {
      "type": "counter",
      "contains": "default",
      "values": {
        "count": 1345,
        "rate": 63.54816022758648
      }
    },
    "vus_max": {
      "contains": "default",
      "values": {
        "min": 20,
        "max": 20,
        "value": 20
      },
      "type": "gauge"
    }
  }
}