{
  "fase": "humo",
  "vus": 20,
  "duracion_seg": 13.1,
  "metricas": {
    "total": 2001,
    "rps": 152.64644887721974,
    "p95": 257.389082,
    "p99": 336.074802,
    "error_rate": 0.0,
    "c500": 0,
    "c409": 0,
    "degradados": 0,
    "encolados": 0,
    "lecturas": 1402,
    "escrituras": 598
  },
  "recursos": {
    "cpu_pico": 320.23,
    "cpu_prom": 225.42000000000002,
    "mem_pico": 545.7,
    "cola_pico": 13,
    "muestras": 2
  },
  "k6": {
    "data_received": {
      "contains": "data",
      "values": {
        "count": 31066548,
        "rate": 2593006.4818121674
      },
      "type": "counter"
    },
    "http_req_failed": {
      "type": "rate",
      "contains": "default",
      "values": {
        "rate": 0,
        "passes": 0,
        "fails": 2001
      }
    },
    "http_req_duration": {
      "type": "trend",
      "contains": "time",
      "values": {
        "p(95)": 257.389082,
        "p(99)": 336.074802,
        "max": 438.900416,
        "avg": 114.99652416541724,
        "min": 19.023293,
        "med": 104.568608,
        "p(90)": 213.781035
      }
    },
    "http_req_blocked": {
      "type": "trend",
      "contains": "time",
      "values": {
        "p(95)": 0.021101,
        "p(99)": 0.497925,
        "max": 3.451572,
        "avg": 0.02467089355322338,
        "min": 0.003,
        "med": 0.0106,
        "p(90)": 0.015801
      }
    },
    "iteration_duration": {
      "type": "trend",
      "contains": "time",
      "values": {
        "max": 440.105667,
        "avg": 115.48273346149979,
        "min": 19.39161,
        "med": 104.80171899999999,
        "p(90)": 214.0958592,
        "p(95)": 257.3603936,
        "p(99)": 336.71873242
      }
    },
    "http_req_tls_handshaking": {
      "values": {
        "min": 0,
        "med": 0,
        "p(90)": 0,
        "p(95)": 0,
        "p(99)": 0,
        "max": 0,
        "avg": 0
      },
      "type": "trend",
      "contains": "time"
    },
    "http_req_sending": {
      "contains": "time",
      "values": {
        "avg": 0.0565234207896051,
        "min": 0.010101,
        "med": 0.048402,
        "p(90)": 0.080704,
        "p(95)": 0.104205,
        "p(99)": 0.24351,
        "max": 1.288254
      },
      "type": "trend"
    },
    "op_escrituras": {
      "values": {
        "count": 598,
        "rate": 49.91278323306716
      },
      "type": "counter",
      "contains": "default"
    },
    "http_reqs": {
      "contains": "default",
      "values": {
        "count": 2001,
        "rate": 167.01585158757086
      },
      "type": "counter"
    },
    "latencia_lectura_ms": {
      "type": "trend",
      "contains": "default",
      "values": {
        "min": 20.22575,
        "med": 106.3212905,
        "p(90)": 221.2125102000001,
        "p(95)": 267.18974045000004,
        "p(99)": 338.24587371,
        "max": 438.900416,
        "avg": 115.79188949643358
      }
    },
    "op_lecturas": {
      "type": "counter",
      "contains": "default",
      "values": {
        "count": 1402,
        "rate": 117.01960216180628
      }
    },
    "vus_max": {
      "type": "gauge",
      "contains": "default",
      "values": {
        "value": 20,
        "min": 20,
        "max": 20
      }
    },
    "http_req_receiving": {
      "type": "trend",
      "contains": "time",
      "values": {
        "p(90)": 8.856715,
        "p(95)": 11.853257,
        "p(99)": 18.669583,
        "max": 156.089426,
        "avg": 3.337916120939518,
        "min": 0.043902,
        "med": 1.326163
      }
    },
    "errores_reales": {
      "type": "counter",
      "contains": "default",
      "values": {
        "rate": 0,
        "count": 0
      },
      "thresholds": {
        "count==0": {
          "ok": true
        }
      }
    },
    "http_500": {
      "type": "counter",
      "contains": "default",
      "values": {
        "count": 0,
        "rate": 0
      },
      "thresholds": {
        "count==0": {
          "ok": true
        }
      }
    },
    "http_req_waiting": {
      "values": {
        "p(90)": 207.690249,
        "p(95)": 252.6265,
        "p(99)": 326.97062,
        "max": 429.93604,
        "avg": 111.60208462368828,
        "min": 18.682977,
        "med": 100.858034
      },
      "type": "trend",
      "contains": "time"
    },
    "data_sent": {
      "type": "counter",
      "contains": "data",
      "values": {
        "count": 792639,
        "rate": 66158.55951350354
      }
    },
    "checks": {
      "type": "rate",
      "contains": "default",
      "values": {
        "fails": 0,
        "rate": 1,
        "passes": 2000
      }
    },
    "http_req_duration{expected_response:true}": {
      "values": {
        "min": 19.023293,
        "med": 104.568608,
        "p(90)": 213.781035,
        "p(95)": 257.389082,
        "p(99)": 336.074802,
        "max": 438.900416,
        "avg": 114.99652416541724
      },
      "type": "trend",
      "contains": "time"
    },
    "iterations": {
      "type": "counter",
      "contains": "default",
      "values": {
        "count": 2000,
        "rate": 166.93238539487345
      }
    },
    "latencia_escritura_ms": {
      "type": "trend",
      "contains": "default",
      "values": {
        "min": 19.023293,
        "med": 100.482365,
        "p(90)": 191.24796080000002,
        "p(95)": 229.88376654999993,
        "p(99)": 301.68994921999973,
        "max": 376.361467,
        "avg": 112.87974906688969
      }
    },
    "http_req_connecting": {
      "type": "trend",
      "contains": "time",
      "values": {
        "p(99)": 0.340017,
        "max": 3.21536,
        "avg": 0.009842269865067465,
        "min": 0,
        "med": 0,
        "p(90)": 0,
        "p(95)": 0
      }
    },
    "vus": {
      "type": "gauge",
      "contains": "default",
      "values": {
        "value": 20,
        "min": 20,
        "max": 20
      }
    }
  }
}