{
  "fase": "humo",
  "vus": 20,
  "duracion_seg": 12.1,
  "metricas": {
    "total": 2001,
    "rps": 165.75021267337476,
    "p95": 283.973982,
    "p99": 400.991221,
    "error_rate": 0.0,
    "c500": 0,
    "c409": 0,
    "degradados": 0,
    "encolados": 0,
    "lecturas": 1358,
    "escrituras": 642
  },
  "recursos": {
    "cpu_pico": 315.0,
    "cpu_prom": 247.265,
    "mem_pico": 517.7,
    "cola_pico": 101,
    "muestras": 2
  },
  "k6": {
    "http_500": {
      "type": "counter",
      "contains": "default",
      "values": {
        "count": 0,
        "rate": 0
      },
      "thresholds": {
        "count==0": {
          "ok": true
        }
      }
    },
    "op_escrituras": {
      "type": "counter",
      "contains": "default",
      "values": {
        "count": 642,
        "rate": 57.66334266154246
      }
    },
    "errores_reales": {
      "type": "counter",
      "contains": "default",
      "values": {
        "count": 0,
        "rate": 0
      },
      "thresholds": {
        "count==0": {
          "ok": true
        }
      }
    },
    "http_req_duration{expected_response:true}": {
      "values": {
        "min": 19.255184,
        "med": 80.404093,
        "p(90)": 219.608689,
        "p(95)": 283.973982,
        "p(99)": 400.991221,
        "max": 646.967521,
        "avg": 107.70020330234892
      },
      "type": "trend",
      "contains": "time"
    },
    "http_req_waiting": {
      "type": "trend",
      "contains": "time",
      "values": {
        "med": 77.66336,
        "p(90)": 214.595612,
        "p(95)": 281.811645,
        "p(99)": 398.53978,
        "max": 641.646576,
        "avg": 104.9076300064969,
        "min": 18.098653
      }
    },
    "http_req_sending": {
      "type": "trend",
      "contains": "time",
      "values": {
        "p(95)": 0.098005,
        "p(99)": 0.286913,
        "max": 2.778828,
        "avg": 0.05613300849575222,
        "min": 0.0112,
        "med": 0.048302,
        "p(90)": 0.076603
      }
    },
    "iteration_duration": {
      "values": {
        "p(95)": 284.4369422499999,
        "p(99)": 401.3077969799999,
        "max": 647.549747,
        "avg": 108.16605948249965,
        "min": 19.536198,
        "med": 80.94916649999999,
        "p(90)": 220.10443170000002
      },
      "type": "trend",
      "contains": "time"
    },
    "http_req_tls_handshaking": {
      "type": "trend",
      "contains": "time",
      "values": {
        "avg": 0,
        "min": 0,
        "med": 0,
        "p(90)": 0,
        "p(95)": 0,
        "p(99)": 0,
        "max": 0
      }
    },
    "iterations": {
      "contains": "default",
      "values": {
        "count": 2000,
        "rate": 179.63658150013228
      },
      "type": "counter"
    },
    "http_reqs": {
      "type": "counter",
      "contains": "default",
      "values": {
        "count": 2001,
        "rate": 179.72639979088234
      }
    },
    "data_received": {
      "type": "counter",
      "contains": "data",
      "values": {
        "count": 30025690,
        "rate": 2696856.154391353
      }
    },
    "http_req_duration": {
      "type": "trend",
      "contains": "time",
      "values": {
        "p(90)": 219.608689,
        "p(95)": 283.973982,
        "p(99)": 400.991221,
        "max": 646.967521,
        "avg": 107.70020330234892,
        "min": 19.255184,
        "med": 80.404093
      }
    },
    "http_req_connecting": {
      "type": "trend",
      "contains": "time",
      "values": {
        "p(99)": 0.150207,
        "max": 2.725028,
        "avg": 0.007545631184407796,
        "min": 0,
        "med": 0,
        "p(90)": 0,
        "p(95)": 0
      }
    },
    "http_req_receiving": {
      "type": "trend",
      "contains": "time",
      "values": {
        "min": 0.052303,
        "med": 1.305262,
        "p(90)": 7.18523,
        "p(95)": 10.396977,
        "p(99)": 17.130907,
        "max": 38.805829,
        "avg": 2.736440287356325
      }
    },
    "http_req_failed": {
      "type": "rate",
      "contains": "default",
      "values": {
        "rate": 0,
        "passes": 0,
        "fails": 2001
      }
    },
    "op_lecturas": {
      "type": "counter",
      "contains": "default",
      "values": {
        "count": 1358,
        "rate": 121.97323883858981
      }
    },
    "vus_max": {
      "type": "gauge",
      "contains": "default",
      "values": {
        "value": 20,
        "min": 20,
        "max": 20
      }
    },
    "data_sent": {
      "type": "counter",
      "contains": "data",
      "values": {
        "count": 798215,
        "rate": 71694.30695106403
      }
    },
    "latencia_escritura_ms": {
      "type": "trend",
      "contains": "default",
      "values": {
        "max": 261.269612,
        "avg": 87.87445708878506,
        "min": 20.908185,
        "med": 81.08409,
        "p(90)": 150.4181605,
        "p(95)": 176.41016229999985,
        "p(99)": 226.22710915000005
      }
    },
    "checks": {
      "type": "rate",
      "contains": "default",
      "values": {
        "rate": 1,
        "passes": 2000,
        "fails": 0
      }
    },
    "vus": {
      "type": "gauge",
      "contains": "default",
      "values": {
        "min": 20,
        "max": 20,
        "value": 20
      }
    },
    "http_req_blocked": {
      "contains": "time",
      "values": {
        "p(90)": 0.0152,
        "p(95)": 0.019101,
        "p(99)": 0.284413,
        "max": 2.829434,
        "avg": 0.020834805097451295,
        "min": 0.0027,
        "med": 0.0099
      },
      "type": "trend"
    },
    "latencia_lectura_ms": {
      "type": "trend",
      "contains": "default",
      "values": {
        "p(90)": 261.5452916,
        "p(95)": 319.8362977499998,
        "p(99)": 441.0161003200002,
        "max": 646.967521,
        "avg": 116.98770628129613,
        "min": 19.255184,
        "med": 79.772062
      }
    }
  }
}